instancia,n,grafo,threads,tiempo
0,100,arbol,1,0
1,100,arbol,2,0.430267
2,100,arbol,4,0.410837
3,100,arbol,8,0.311683
4,100,arbol,16,0.354674
5,100,arbol,32,0.273987
6,100,arbol,64,0.141856
7,100,arbol,128,0.0605025
8,100,arbol,1,0
9,100,arbol,2,0.430716
10,100,arbol,4,0.372524
11,100,arbol,8,0.266954
12,100,arbol,16,0.426312
13,100,arbol,32,0.0659552
14,100,arbol,64,0.0465455
15,100,arbol,128,0.0585919
16,100,arbol,1,0
17,100,arbol,2,0.399693
18,100,arbol,4,0.319254
19,100,arbol,8,0.301707
20,100,arbol,16,0.373915
21,100,arbol,32,0.262546
22,100,arbol,64,0.0694347
23,100,arbol,128,0.0464644
24,100,arbol,1,0
25,100,arbol,2,0.430889
26,100,arbol,4,0.31478
27,100,arbol,8,0.328798
28,100,arbol,16,0.283554
29,100,arbol,32,0.247436
30,100,arbol,64,0.120024
31,100,arbol,128,0.0278743
32,100,arbol,1,0
33,100,arbol,2,0.41688
34,100,arbol,4,0.380052
35,100,arbol,8,0.367075
36,100,arbol,16,0.312545
37,100,arbol,32,0.260033
38,100,arbol,64,0.0542149
39,100,arbol,128,0.0159315
40,100,arbol,1,0
41,100,arbol,2,0.417386
42,100,arbol,4,0.390199
43,100,arbol,8,0.301821
44,100,arbol,16,0.150076
45,100,arbol,32,0.109959
46,100,arbol,64,0.0363003
47,100,arbol,128,0.0197959
48,100,arbol,1,0
49,100,arbol,2,0.423867
50,100,arbol,4,0.381512
51,100,arbol,8,0.349375
52,100,arbol,16,0.177423
53,100,arbol,32,0.101227
54,100,arbol,64,0.0613534
55,100,arbol,128,0.0220457
56,100,arbol,1,0
57,100,arbol,2,0.425912
58,100,arbol,4,0.365717
59,100,arbol,8,0.369496
60,100,arbol,16,0.297152
61,100,arbol,32,0.105939
62,100,arbol,64,0.120764
63,100,arbol,128,0.0531978
64,100,arbol,1,0
65,100,arbol,2,0.245897
66,100,arbol,4,0.371621
67,100,arbol,8,0.452195
68,100,arbol,16,0.280003
69,100,arbol,32,0.0936445
70,100,arbol,64,0.0471041
71,100,arbol,128,0.0217423
72,100,arbol,1,0
73,100,arbol,2,0.229487
74,100,arbol,4,0.375897
75,100,arbol,8,0.39348
76,100,arbol,16,0.312802
77,100,arbol,32,0.0895341
78,100,arbol,64,0.00500497
79,100,arbol,128,0.0652423
80,100,ralo,1,0
81,100,ralo,2,0
82,100,ralo,4,0
83,100,ralo,8,0.370081
84,100,ralo,16,0.324371
85,100,ralo,32,0.0898799
86,100,ralo,64,0.0480753
87,100,ralo,128,0.0268373
88,100,ralo,1,0
89,100,ralo,2,0.385868
90,100,ralo,4,0.377796
91,100,ralo,8,0.403659
92,100,ralo,16,0.172304
93,100,ralo,32,0.106053
94,100,ralo,64,0.108315
95,100,ralo,128,0.0455516
96,100,ralo,1,0
97,100,ralo,2,0.39125
98,100,ralo,4,0.398606
99,100,ralo,8,0.357073
100,100,ralo,16,0.176176
101,100,ralo,32,0.0792257
102,100,ralo,64,0.0359449
103,100,ralo,128,0.0358855
104,100,ralo,1,0
105,100,ralo,2,0.399273
106,100,ralo,4,0.389871
107,100,ralo,8,0.271162
108,100,ralo,16,0.194713
109,100,ralo,32,0.191799
110,100,ralo,64,0.0831434
111,100,ralo,128,0.0600906
112,100,ralo,1,0
113,100,ralo,2,0.399514
114,100,ralo,4,0.384001
115,100,ralo,8,0.462048
116,100,ralo,16,0.256369
117,100,ralo,32,0.12762
118,100,ralo,64,0.124597
119,100,ralo,128,0.0389309
120,100,ralo,1,0
121,100,ralo,2,0.395047
122,100,ralo,4,0.397952
123,100,ralo,8,0.306449
124,100,ralo,16,0.230545
125,100,ralo,32,0.178384
126,100,ralo,64,0.156717
127,100,ralo,128,0.0486431
128,100,ralo,1,0
129,100,ralo,2,0.391093
130,100,ralo,4,0.374834
131,100,ralo,8,0.424445
132,100,ralo,16,0.258334
133,100,ralo,32,0.0736913
134,100,ralo,64,0.0978413
135,100,ralo,128,0.0649515
136,100,ralo,1,0
137,100,ralo,2,0.408653
138,100,ralo,4,0.438907
139,100,ralo,8,0.380941
140,100,ralo,16,0.331442
141,100,ralo,32,0.0952439
142,100,ralo,64,0.033024
143,100,ralo,128,0.0536687
144,100,ralo,1,0
145,100,ralo,2,0
146,100,ralo,4,0.0525181
147,100,ralo,8,0.367939
148,100,ralo,16,0.317803
149,100,ralo,32,0.125216
150,100,ralo,64,0.0619674
151,100,ralo,128,0.0472333
152,100,ralo,1,0
153,100,ralo,2,0
154,100,ralo,4,0
155,100,ralo,8,0
156,100,ralo,16,0.180556
157,100,ralo,32,0.129926
158,100,ralo,64,0.049299
159,100,ralo,128,0.023454
160,100,completo,1,0
161,100,completo,2,0.248748
162,100,completo,4,0.314004
163,100,completo,8,0
164,100,completo,16,0.0834289
165,100,completo,32,0.151886
166,100,completo,64,0.053733
167,100,completo,128,0.0171017
168,100,completo,1,0
169,100,completo,2,0.0193073
170,100,completo,4,0.263938
171,100,completo,8,0.343341
172,100,completo,16,0.30236
173,100,completo,32,0.0808234
174,100,completo,64,0.0553467
175,100,completo,128,0.0388312
176,100,completo,1,0
177,100,completo,2,0.24367
178,100,completo,4,0.325589
179,100,completo,8,0.351311
180,100,completo,16,0.248002
181,100,completo,32,0.0994369
182,100,completo,64,0.106876
183,100,completo,128,0.05188
184,100,completo,1,0
185,100,completo,2,0.277529
186,100,completo,4,0.311682
187,100,completo,8,0.352561
188,100,completo,16,0.236404
189,100,completo,32,0.286389
190,100,completo,64,0.0798815
191,100,completo,128,0.0425767
192,100,completo,1,0
193,100,completo,2,0.286102
194,100,completo,4,0.315035
195,100,completo,8,0.398229
196,100,completo,16,0.238471
197,100,completo,32,0.179807
198,100,completo,64,0.150473
199,100,completo,128,0.0807457
200,100,completo,1,0
201,100,completo,2,0.263969
202,100,completo,4,0.310973
203,100,completo,8,0.446036
204,100,completo,16,0.359561
205,100,completo,32,0.285043
206,100,completo,64,0.132146
207,100,completo,128,0.0674168
208,100,completo,1,0
209,100,completo,2,0.275652
210,100,completo,4,0.31636
211,100,completo,8,0.441482
212,100,completo,16,0.393097
213,100,completo,32,0.256678
214,100,completo,64,0.133013
215,100,completo,128,0.0797522
216,100,completo,1,0
217,100,completo,2,0.247639
218,100,completo,4,0.33858
219,100,completo,8,0.361451
220,100,completo,16,0.378358
221,100,completo,32,0.2582
222,100,completo,64,0.182859
223,100,completo,128,0.0903536
224,100,completo,1,0
225,100,completo,2,0.240599
226,100,completo,4,0.318442
227,100,completo,8,0.378448
228,100,completo,16,0.403868
229,100,completo,32,0.143789
230,100,completo,64,0.128132
231,100,completo,128,0.0728281
232,100,completo,1,0
233,100,completo,2,0.248434
234,100,completo,4,0.308723
235,100,completo,8,0.400863
236,100,completo,16,0.372373
237,100,completo,32,0.25589
238,100,completo,64,0.162978
239,100,completo,128,0.0632788
240,200,arbol,1,0
241,200,arbol,2,0.334352
242,200,arbol,4,0.376575
243,200,arbol,8,0.299084
244,200,arbol,16,0.325749
245,200,arbol,32,0.243978
246,200,arbol,64,0.0543806
247,200,arbol,128,0.0339896
248,200,arbol,1,0
249,200,arbol,2,0.358369
250,200,arbol,4,0.369027
251,200,arbol,8,0.394068
252,200,arbol,16,0.366673
253,200,arbol,32,0.279877
254,200,arbol,64,0.0584501
255,200,arbol,128,0.0814923
256,200,arbol,1,0
257,200,arbol,2,0.449123
258,200,arbol,4,0.361739
259,200,arbol,8,0.304
260,200,arbol,16,0.100304
261,200,arbol,32,0.0412506
262,200,arbol,64,0.0388916
263,200,arbol,128,0.0159154
264,200,arbol,1,0
265,200,arbol,2,0.419512
266,200,arbol,4,0.330762
267,200,arbol,8,0.328463
268,200,arbol,16,0.143619
269,200,arbol,32,0.0927815
270,200,arbol,64,0.0285063
271,200,arbol,128,0.0207757
272,200,arbol,1,0
273,200,arbol,2,0.286581
274,200,arbol,4,0.384822
275,200,arbol,8,0.297743
276,200,arbol,16,0
277,200,arbol,32,0.0202222
278,200,arbol,64,0.0319157
279,200,arbol,128,0.0142615
280,200,arbol,1,0
281,200,arbol,2,0.423693
282,200,arbol,4,0.365938
283,200,arbol,8,0.295784
284,200,arbol,16,0.14516
285,200,arbol,32,0.059088
286,200,arbol,64,0.0383817
287,200,arbol,128,0.0219144
288,200,arbol,1,0
289,200,arbol,2,0.297499
290,200,arbol,4,0.387872
291,200,arbol,8,0.327851
292,200,arbol,16,0.147981
293,200,arbol,32,0.0471497
294,200,arbol,64,0.00952185
295,200,arbol,128,0.00859364
296,200,arbol,1,0
297,200,arbol,2,0.370985
298,200,arbol,4,0.399564
299,200,arbol,8,0.242842
300,200,arbol,16,0.169473
301,200,arbol,32,0.103736
302,200,arbol,64,0.0382417
303,200,arbol,128,0.00578746
304,200,arbol,1,0
305,200,arbol,2,0.36892
306,200,arbol,4,0.369484
307,200,arbol,8,0.295588
308,200,arbol,16,0.192451
309,200,arbol,32,0.0820735
310,200,arbol,64,0.0459247
311,200,arbol,128,0.0191753
312,200,arbol,1,0
313,200,arbol,2,0.413671
314,200,arbol,4,0.381708
315,200,arbol,8,0.165977
316,200,arbol,16,0.162706
317,200,arbol,32,0.0964882
318,200,arbol,64,0.0250018
319,200,arbol,128,0.00542717
320,200,ralo,1,0
321,200,ralo,2,0.379071
322,200,ralo,4,0.403551
323,200,ralo,8,0.389625
324,200,ralo,16,0.336102
325,200,ralo,32,0.253008
326,200,ralo,64,0.17618
327,200,ralo,128,0.113354
328,200,ralo,1,0
329,200,ralo,2,0.400079
330,200,ralo,4,0.39795
331,200,ralo,8,0.387328
332,200,ralo,16,0.434642
333,200,ralo,32,0.257266
334,200,ralo,64,0.23345
335,200,ralo,128,0.100183
336,200,ralo,1,0
337,200,ralo,2,0.371224
338,200,ralo,4,0.398391
339,200,ralo,8,0.401913
340,200,ralo,16,0.402063
341,200,ralo,32,0.316621
342,200,ralo,64,0.156551
343,200,ralo,128,0.0775079
344,200,ralo,1,0
345,200,ralo,2,0.389216
346,200,ralo,4,0.403216
347,200,ralo,8,0.405727
348,200,ralo,16,0.365558
349,200,ralo,32,0.299467
350,200,ralo,64,0.212622
351,200,ralo,128,0.108081
352,200,ralo,1,0
353,200,ralo,2,0.343207
354,200,ralo,4,0.387341
355,200,ralo,8,0.422264
356,200,ralo,16,0.353517
357,200,ralo,32,0.327738
358,200,ralo,64,0.169516
359,200,ralo,128,0.110568
360,200,ralo,1,0
361,200,ralo,2,0.365006
362,200,ralo,4,0.396824
363,200,ralo,8,0.411402
364,200,ralo,16,0.38846
365,200,ralo,32,0.166907
366,200,ralo,64,0.183923
367,200,ralo,128,0.0954741
368,200,ralo,1,0
369,200,ralo,2,0.338741
370,200,ralo,4,0.395692
371,200,ralo,8,0.399984
372,200,ralo,16,0.388092
373,200,ralo,32,0.343515
374,200,ralo,64,0.155443
375,200,ralo,128,0.117474
376,200,ralo,1,0
377,200,ralo,2,0.370476
378,200,ralo,4,0.394172
379,200,ralo,8,0.383131
380,200,ralo,16,0.398951
381,200,ralo,32,0.302788
382,200,ralo,64,0.177468
383,200,ralo,128,0.101249
384,200,ralo,1,0
385,200,ralo,2,0.391699
386,200,ralo,4,0.402854
387,200,ralo,8,0.416928
388,200,ralo,16,0.398323
389,200,ralo,32,0.309336
390,200,ralo,64,0.223117
391,200,ralo,128,0.101371
392,200,ralo,1,0
393,200,ralo,2,0.370855
394,200,ralo,4,0.398899
395,200,ralo,8,0.370191
396,200,ralo,16,0.43167
397,200,ralo,32,0.347271
398,200,ralo,64,0.199642
399,200,ralo,128,0.0953764
400,200,completo,1,0
401,200,completo,2,0.215198
402,200,completo,4,0.291671
403,200,completo,8,0.400512
404,200,completo,16,0.361204
405,200,completo,32,0.383917
406,200,completo,64,0.227651
407,200,completo,128,0.105338
408,200,completo,1,0
409,200,completo,2,0.236109
410,200,completo,4,0.312208
411,200,completo,8,0.400147
412,200,completo,16,0.398349
413,200,completo,32,0.367829
414,200,completo,64,0.209373
415,200,completo,128,0.133068
416,200,completo,1,0
417,200,completo,2,0.202704
418,200,completo,4,0.303702
419,200,completo,8,0.416723
420,200,completo,16,0.389676
421,200,completo,32,0.321223
422,200,completo,64,0.230581
423,200,completo,128,0.107961
424,200,completo,1,0
425,200,completo,2,0.229561
426,200,completo,4,0.294582
427,200,completo,8,0.390035
428,200,completo,16,0.412324
429,200,completo,32,0.286706
430,200,completo,64,0.215356
431,200,completo,128,0.0947177
432,200,completo,1,0
433,200,completo,2,0.197083
434,200,completo,4,0.306325
435,200,completo,8,0.393836
436,200,completo,16,0.400913
437,200,completo,32,0.334267
438,200,completo,64,0.286173
439,200,completo,128,0.127591
440,200,completo,1,0
441,200,completo,2,0.208236
442,200,completo,4,0.297051
443,200,completo,8,0.40252
444,200,completo,16,0.365953
445,200,completo,32,0.332836
446,200,completo,64,0.212681
447,200,completo,128,0.118211
448,200,completo,1,0
449,200,completo,2,0.223195
450,200,completo,4,0.291304
451,200,completo,8,0.437587
452,200,completo,16,0.45183
453,200,completo,32,0.302424
454,200,completo,64,0.271541
455,200,completo,128,0.109061
456,200,completo,1,0
457,200,completo,2,0.227634
458,200,completo,4,0.316536
459,200,completo,8,0.411427
460,200,completo,16,0.338791
461,200,completo,32,0.357859
462,200,completo,64,0.264104
463,200,completo,128,0.0804817
464,200,completo,1,0
465,200,completo,2,0.197977
466,200,completo,4,0.288468
467,200,completo,8,0.397489
468,200,completo,16,0.369116
469,200,completo,32,0.284775
470,200,completo,64,0.229196
471,200,completo,128,0.114045
472,200,completo,1,0
473,200,completo,2,0.200082
474,200,completo,4,0.296294
475,200,completo,8,0.338612
476,200,completo,16,0.34511
477,200,completo,32,0.152325
478,200,completo,64,0.236392
479,200,completo,128,0.116664
480,300,arbol,1,0
481,300,arbol,2,0.436932
482,300,arbol,4,0.423755
483,300,arbol,8,0.383947
484,300,arbol,16,0.380974
485,300,arbol,32,0.354319
486,300,arbol,64,0.0639298
487,300,arbol,128,0.0127094
488,300,arbol,1,0
489,300,arbol,2,0.375205
490,300,arbol,4,0.431742
491,300,arbol,8,0.304212
492,300,arbol,16,0.159538
493,300,arbol,32,0.117355
494,300,arbol,64,0.0301179
495,300,arbol,128,0.0342011
496,300,arbol,1,0
497,300,arbol,2,0.346929
498,300,arbol,4,0.433123
499,300,arbol,8,0.339353
500,300,arbol,16,0.203319
501,300,arbol,32,0.144212
502,300,arbol,64,0.0467467
503,300,arbol,128,0.0183944
504,300,arbol,1,0
505,300,arbol,2,0.355671
506,300,arbol,4,0.417186
507,300,arbol,8,0.390865
508,300,arbol,16,0.168126
509,300,arbol,32,0.100821
510,300,arbol,64,0.0583203
511,300,arbol,128,0.02131
512,300,arbol,1,0
513,300,arbol,2,0.377774
514,300,arbol,4,0.415736
515,300,arbol,8,0.344562
516,300,arbol,16,0.209363
517,300,arbol,32,0.11836
518,300,arbol,64,0.0567614
519,300,arbol,128,0.0224936
520,300,arbol,1,0
521,300,arbol,2,0.395419
522,300,arbol,4,0.443014
523,300,arbol,8,0.412244
524,300,arbol,16,0.349982
525,300,arbol,32,0.102728
526,300,arbol,64,0.048396
527,300,arbol,128,0.0165516
528,300,arbol,1,0
529,300,arbol,2,0.404156
530,300,arbol,4,0.412501
531,300,arbol,8,0.483231
532,300,arbol,16,0.185236
533,300,arbol,32,0.105399
534,300,arbol,64,0.0487216
535,300,arbol,128,0.0260724
536,300,arbol,1,0
537,300,arbol,2,0.392101
538,300,arbol,4,0
539,300,arbol,8,0.318939
540,300,arbol,16,0.202096
541,300,arbol,32,0.100083
542,300,arbol,64,0.0431482
543,300,arbol,128,0.0204557
544,300,arbol,1,0
545,300,arbol,2,0.435824
546,300,arbol,4,0.412116
547,300,arbol,8,0.379542
548,300,arbol,16,0.173108
549,300,arbol,32,0.0965333
550,300,arbol,64,0.0188266
551,300,arbol,128,0.0264999
552,300,arbol,1,0
553,300,arbol,2,0.358371
554,300,arbol,4,0.42694
555,300,arbol,8,0.331463
556,300,arbol,16,0.189892
557,300,arbol,32,0.0947257
558,300,arbol,64,0.0566176
559,300,arbol,128,0.0208785
560,300,ralo,1,0
561,300,ralo,2,0.395059
562,300,ralo,4,0.413008
563,300,ralo,8,0.40319
564,300,ralo,16,0.362072
565,300,ralo,32,0.305359
566,300,ralo,64,0.272601
567,300,ralo,128,0.141679
568,300,ralo,1,0
569,300,ralo,2,0.406059
570,300,ralo,4,0.409604
571,300,ralo,8,0.411702
572,300,ralo,16,0.418334
573,300,ralo,32,0.36657
574,300,ralo,64,0.288215
575,300,ralo,128,0.157144
576,300,ralo,1,0
577,300,ralo,2,0.393525
578,300,ralo,4,0.413178
579,300,ralo,8,0.407638
580,300,ralo,16,0.440552
581,300,ralo,32,0.346905
582,300,ralo,64,0.288959
583,300,ralo,128,0.176696
584,300,ralo,1,0
585,300,ralo,2,0.381531
586,300,ralo,4,0.425299
587,300,ralo,8,0.354562
588,300,ralo,16,0.38286
589,300,ralo,32,0.369594
590,300,ralo,64,0.281777
591,300,ralo,128,0.168454
592,300,ralo,1,0
593,300,ralo,2,0.391849
594,300,ralo,4,0.410297
595,300,ralo,8,0.412988
596,300,ralo,16,0.392919
597,300,ralo,32,0.378021
598,300,ralo,64,0.273256
599,300,ralo,128,0.143864
600,300,ralo,1,0
601,300,ralo,2,0.390916
602,300,ralo,4,0.409733
603,300,ralo,8,0.416649
604,300,ralo,16,0.426913
605,300,ralo,32,0.379232
606,300,ralo,64,0.236631
607,300,ralo,128,0.14656
608,300,ralo,1,0
609,300,ralo,2,0.364525
610,300,ralo,4,0.41155
611,300,ralo,8,0.414701
612,300,ralo,16,0.385787
613,300,ralo,32,0.357632
614,300,ralo,64,0.304983
615,300,ralo,128,0.176874
616,300,ralo,1,0
617,300,ralo,2,0.381728
618,300,ralo,4,0.420063
619,300,ralo,8,0.403849
620,300,ralo,16,0.423306
621,300,ralo,32,0.341728
622,300,ralo,64,0.252159
623,300,ralo,128,0.178684
624,300,ralo,1,0
625,300,ralo,2,0.378297
626,300,ralo,4,0.39702
627,300,ralo,8,0.392626
628,300,ralo,16,0.392652
629,300,ralo,32,0.334386
630,300,ralo,64,0.250741
631,300,ralo,128,0.184849
632,300,ralo,1,0
633,300,ralo,2,0.368482
634,300,ralo,4,0.410292
635,300,ralo,8,0.400068
636,300,ralo,16,0.401367
637,300,ralo,32,0.37592
638,300,ralo,64,0.262523
639,300,ralo,128,0.167877
640,300,completo,1,0
641,300,completo,2,0.24615
642,300,completo,4,0.302498
643,300,completo,8,0.347375
644,300,completo,16,0.284939
645,300,completo,32,0.211924
646,300,completo,64,0.242769
647,300,completo,128,0.1635
648,300,completo,1,0
649,300,completo,2,0.216208
650,300,completo,4,0.283492
651,300,completo,8,0.368794
652,300,completo,16,0.383001
653,300,completo,32,0.336698
654,300,completo,64,0.296515
655,300,completo,128,0.162944
656,300,completo,1,0
657,300,completo,2,0.217959
658,300,completo,4,0.300528
659,300,completo,8,0.363437
660,300,completo,16,0.323108
661,300,completo,32,0.338834
662,300,completo,64,0.284498
663,300,completo,128,0.165882
664,300,completo,1,0
665,300,completo,2,0.210539
666,300,completo,4,0.287499
667,300,completo,8,0.338927
668,300,completo,16,0.383323
669,300,completo,32,0.349976
670,300,completo,64,0.27149
671,300,completo,128,0.154859
672,300,completo,1,0
673,300,completo,2,0.208251
674,300,completo,4,0.302526
675,300,completo,8,0.375384
676,300,completo,16,0.359866
677,300,completo,32,0.371952
678,300,completo,64,0.270298
679,300,completo,128,0.148071
680,300,completo,1,0
681,300,completo,2,0.21431
682,300,completo,4,0.264942
683,300,completo,8,0.351909
684,300,completo,16,0.329742
685,300,completo,32,0.352355
686,300,completo,64,0.262036
687,300,completo,128,0.153026
688,300,completo,1,0
689,300,completo,2,0.213901
690,300,completo,4,0.297733
691,300,completo,8,0.384669
692,300,completo,16,0.421813
693,300,completo,32,0.347402
694,300,completo,64,0.293053
695,300,completo,128,0.175903
696,300,completo,1,0
697,300,completo,2,0.206635
698,300,completo,4,0.281808
699,300,completo,8,0.426372
700,300,completo,16,0.362243
701,300,completo,32,0.366273
702,300,completo,64,0.282479
703,300,completo,128,0.161903
704,300,completo,1,0
705,300,completo,2,0.186453
706,300,completo,4,0.268018
707,300,completo,8,0.406727
708,300,completo,16,0.366692
709,300,completo,32,0.350441
710,300,completo,64,0.321488
711,300,completo,128,0.171071
712,300,completo,1,0
713,300,completo,2,0.202248
714,300,completo,4,0.310258
715,300,completo,8,0.431762
716,300,completo,16,0.38125
717,300,completo,32,0.337487
718,300,completo,64,0.286587
719,300,completo,128,0.163263
720,400,arbol,1,0
721,400,arbol,2,0.447395
722,400,arbol,4,0.419771
723,400,arbol,8,0.382931
724,400,arbol,16,0.195738
725,400,arbol,32,0.157377
726,400,arbol,64,0.0784058
727,400,arbol,128,0.0165267
728,400,arbol,1,0
729,400,arbol,2,0.416843
730,400,arbol,4,0.420303
731,400,arbol,8,0.401508
732,400,arbol,16,0.332196
733,400,arbol,32,0.0979241
734,400,arbol,64,0.0545613
735,400,arbol,128,0.0266884
736,400,arbol,1,0
737,400,arbol,2,0.450649
738,400,arbol,4,0.392705
739,400,arbol,8,0.36849
740,400,arbol,16,0.242996
741,400,arbol,32,0.241994
742,400,arbol,64,0.249009
743,400,arbol,128,0.139565
744,400,arbol,1,0
745,400,arbol,2,0.412486
746,400,arbol,4,0.420297
747,400,arbol,8,0.391247
748,400,arbol,16,0.310667
749,400,arbol,32,0.246988
750,400,arbol,64,0.166106
751,400,arbol,128,0.100445
752,400,arbol,1,0
753,400,arbol,2,0.407805
754,400,arbol,4,0.413153
755,400,arbol,8,0.418332
756,400,arbol,16,0.344073
757,400,arbol,32,0.140521
758,400,arbol,64,0.126354
759,400,arbol,128,0.103544
760,400,arbol,1,0
761,400,arbol,2,0.442547
762,400,arbol,4,0.43181
763,400,arbol,8,0.448986
764,400,arbol,16,0.35091
765,400,arbol,32,0.260998
766,400,arbol,64,0.0809537
767,400,arbol,128,0
768,400,arbol,1,0
769,400,arbol,2,0.425233
770,400,arbol,4,0.438566
771,400,arbol,8,0.352511
772,400,arbol,16,0.183089
773,400,arbol,32,0.130343
774,400,arbol,64,0.0834567
775,400,arbol,128,0
776,400,arbol,1,0
777,400,arbol,2,0.457996
778,400,arbol,4,0.429614
779,400,arbol,8,0.351339
780,400,arbol,16,0.298409
781,400,arbol,32,0.124417
782,400,arbol,64,0.0535335
783,400,arbol,128,0.0385386
784,400,arbol,1,0
785,400,arbol,2,0.46233
786,400,arbol,4,0.410035
787,400,arbol,8,0.396723
788,400,arbol,16,0.212853
789,400,arbol,32,0.166287
790,400,arbol,64,0.291197
791,400,arbol,128,0.108204
792,400,arbol,1,0
793,400,arbol,2,0.434119
794,400,arbol,4,0.426685
795,400,arbol,8,0.400932
796,400,arbol,16,0.424704
797,400,arbol,32,0.129871
798,400,arbol,64,0.0503742
799,400,arbol,128,0.0704947
800,400,ralo,1,0
801,400,ralo,2,0.382875
802,400,ralo,4,0.413959
803,400,ralo,8,0.410687
804,400,ralo,16,0.395652
805,400,ralo,32,0.378104
806,400,ralo,64,0.319711
807,400,ralo,128,0.179576
808,400,ralo,1,0
809,400,ralo,2,0.39036
810,400,ralo,4,0.414808
811,400,ralo,8,0.399773
812,400,ralo,16,0.343247
813,400,ralo,32,0.358629
814,400,ralo,64,0.282739
815,400,ralo,128,0.200992
816,400,ralo,1,0
817,400,ralo,2,0.387898
818,400,ralo,4,0.416748
819,400,ralo,8,0.385098
820,400,ralo,16,0.3975
821,400,ralo,32,0.382641
822,400,ralo,64,0.310354
823,400,ralo,128,0.198109
824,400,ralo,1,0
825,400,ralo,2,0
826,400,ralo,4,0
827,400,ralo,8,0.408889
828,400,ralo,16,0.389992
829,400,ralo,32,0.367434
830,400,ralo,64,0.330031
831,400,ralo,128,0.199058
832,400,ralo,1,0
833,400,ralo,2,0.391152
834,400,ralo,4,0.423071
835,400,ralo,8,0.377102
836,400,ralo,16,0.396126
837,400,ralo,32,0.353805
838,400,ralo,64,0.310035
839,400,ralo,128,0.220112
840,400,ralo,1,0
841,400,ralo,2,0.388789
842,400,ralo,4,0.414083
843,400,ralo,8,0.399783
844,400,ralo,16,0.434241
845,400,ralo,32,0.348216
846,400,ralo,64,0.296042
847,400,ralo,128,0.177372
848,400,ralo,1,0
849,400,ralo,2,0.38723
850,400,ralo,4,0.412869
851,400,ralo,8,0.426575
852,400,ralo,16,0.388319
853,400,ralo,32,0.351706
854,400,ralo,64,0.323317
855,400,ralo,128,0.21439
856,400,ralo,1,0
857,400,ralo,2,0.397415
858,400,ralo,4,0.406188
859,400,ralo,8,0.410787
860,400,ralo,16,0.407928
861,400,ralo,32,0.373245
862,400,ralo,64,0.31994
863,400,ralo,128,0.200072
864,400,ralo,1,0
865,400,ralo,2,0.369933
866,400,ralo,4,0.41048
867,400,ralo,8,0.426863
868,400,ralo,16,0.414421
869,400,ralo,32,0.361614
870,400,ralo,64,0.326538
871,400,ralo,128,0.216783
872,400,ralo,1,0
873,400,ralo,2,0.381916
874,400,ralo,4,0.403058
875,400,ralo,8,0.40897
876,400,ralo,16,0.435477
877,400,ralo,32,0.359162
878,400,ralo,64,0.290825
879,400,ralo,128,0.177423
880,400,completo,1,0
881,400,completo,2,0.20688
882,400,completo,4,0.291664
883,400,completo,8,0.396527
884,400,completo,16,0.341245
885,400,completo,32,0.359851
886,400,completo,64,0.292081
887,400,completo,128,0.203091
888,400,completo,1,0
889,400,completo,2,0.196966
890,400,completo,4,0.267892
891,400,completo,8,0.397389
892,400,completo,16,0.392019
893,400,completo,32,0.360593
894,400,completo,64,0.283483
895,400,completo,128,0.203718
896,400,completo,1,0
897,400,completo,2,0.235023
898,400,completo,4,0.300867
899,400,completo,8,0.375157
900,400,completo,16,0.403973
901,400,completo,32,0.362474
902,400,completo,64,0.29156
903,400,completo,128,0.191032
904,400,completo,1,0
905,400,completo,2,0.225239
906,400,completo,4,0.288003
907,400,completo,8,0.361848
908,400,completo,16,0.397671
909,400,completo,32,0.367519
910,400,completo,64,0.301498
911,400,completo,128,0.192871
912,400,completo,1,0
913,400,completo,2,0.196516
914,400,completo,4,0.285011
915,400,completo,8,0.410816
916,400,completo,16,0.378979
917,400,completo,32,0.366831
918,400,completo,64,0.289894
919,400,completo,128,0.201415
920,400,completo,1,0
921,400,completo,2,0.218605
922,400,completo,4,0.28905
923,400,completo,8,0.370082
924,400,completo,16,0.355835
925,400,completo,32,0.343834
926,400,completo,64,0.287513
927,400,completo,128,0.201647
928,400,completo,1,0
929,400,completo,2,0.191808
930,400,completo,4,0.269457
931,400,completo,8,0.377851
932,400,completo,16,0.38577
933,400,completo,32,0.368303
934,400,completo,64,0.298681
935,400,completo,128,0.187148
936,400,completo,1,0
937,400,completo,2,0.197143
938,400,completo,4,0.285028
939,400,completo,8,0.39474
940,400,completo,16,0.376909
941,400,completo,32,0.369087
942,400,completo,64,0.308806
943,400,completo,128,0.186343
944,400,completo,1,0
945,400,completo,2,0.231084
946,400,completo,4,0.304265
947,400,completo,8,0.397828
948,400,completo,16,0.373409
949,400,completo,32,0.382488
950,400,completo,64,0.299734
951,400,completo,128,0.2087
952,400,completo,1,0
953,400,completo,2,0.174502
954,400,completo,4,0.285103
955,400,completo,8,0.391753
956,400,completo,16,0.424492
957,400,completo,32,0.347072
958,400,completo,64,0.299198
959,400,completo,128,0.173111
960,500,arbol,1,0
961,500,arbol,2,0.401031
962,500,arbol,4,0.463589
963,500,arbol,8,0.383464
964,500,arbol,16,0.338764
965,500,arbol,32,0.348098
966,500,arbol,64,0.298012
967,500,arbol,128,0.125132
968,500,arbol,1,0
969,500,arbol,2,0.436913
970,500,arbol,4,0.410189
971,500,arbol,8,0.411107
972,500,arbol,16,0.363213
973,500,arbol,32,0.161055
974,500,arbol,64,0.0518021
975,500,arbol,128,0.0665564
976,500,arbol,1,0
977,500,arbol,2,0.4268
978,500,arbol,4,0.425049
979,500,arbol,8,0.372299
980,500,arbol,16,0.303628
981,500,arbol,32,0.0721625
982,500,arbol,64,0.0686574
983,500,arbol,128,0.025348
984,500,arbol,1,0
985,500,arbol,2,0.428152
986,500,arbol,4,0.449128
987,500,arbol,8,0.435725
988,500,arbol,16,0.163889
989,500,arbol,32,0.0903489
990,500,arbol,64,0.0572306
991,500,arbol,128,0.0258302
992,500,arbol,1,0
993,500,arbol,2,0.441617
994,500,arbol,4,0.420124
995,500,arbol,8,0.376212
996,500,arbol,16,0.150512
997,500,arbol,32,0.0991474
998,500,arbol,64,0.0614321
999,500,arbol,128,0.0187306
1000,500,arbol,1,0
1001,500,arbol,2,0.420754
1002,500,arbol,4,0.42572
1003,500,arbol,8,0.371111
1004,500,arbol,16,0.215681
1005,500,arbol,32,0.122355
1006,500,arbol,64,0.0416977
1007,500,arbol,128,0.0191276
1008,500,arbol,1,0
1009,500,arbol,2,0.436863
1010,500,arbol,4,0.401
1011,500,arbol,8,0.42026
1012,500,arbol,16,0.149711
1013,500,arbol,32,0.115278
1014,500,arbol,64,0.0473656
1015,500,arbol,128,0.0157471
1016,500,arbol,1,0
1017,500,arbol,2,0.412162
1018,500,arbol,4,0.416336
1019,500,arbol,8,0.405089
1020,500,arbol,16,0.184256
1021,500,arbol,32,0.0887392
1022,500,arbol,64,0.119679
1023,500,arbol,128,0
1024,500,arbol,1,0
1025,500,arbol,2,0.41422
1026,500,arbol,4,0.43458
1027,500,arbol,8,0.415589
1028,500,arbol,16,0.343763
1029,500,arbol,32,0.294446
1030,500,arbol,64,0.0429453
1031,500,arbol,128,0.0198148
1032,500,arbol,1,0
1033,500,arbol,2,0.435646
1034,500,arbol,4,0.432609
1035,500,arbol,8,0.415192
1036,500,arbol,16,0.192186
1037,500,arbol,32,0.111023
1038,500,arbol,64,0.0796491
1039,500,arbol,128,0.0313147
1040,500,ralo,1,0
1041,500,ralo,2,0.39375
1042,500,ralo,4,0.413569
1043,500,ralo,8,0.439036
1044,500,ralo,16,0.397507
1045,500,ralo,32,0.372969
1046,500,ralo,64,0.327612
1047,500,ralo,128,0.233531
1048,500,ralo,1,0
1049,500,ralo,2,0.382677
1050,500,ralo,4,0.408461
1051,500,ralo,8,0.399663
1052,500,ralo,16,0.393211
1053,500,ralo,32,0.400807
1054,500,ralo,64,0.356795
1055,500,ralo,128,0.225252
1056,500,ralo,1,0
1057,500,ralo,2,0.413906
1058,500,ralo,4,0.397229
1059,500,ralo,8,0.398979
1060,500,ralo,16,0.394088
1061,500,ralo,32,0.37382
1062,500,ralo,64,0.34123
1063,500,ralo,128,0.233549
1064,500,ralo,1,0
1065,500,ralo,2,0.392909
1066,500,ralo,4,0.411568
1067,500,ralo,8,0.416212
1068,500,ralo,16,0.382848
1069,500,ralo,32,0.349529
1070,500,ralo,64,0.340625
1071,500,ralo,128,0.213061
1072,500,ralo,1,0
1073,500,ralo,2,0.388886
1074,500,ralo,4,0.410195
1075,500,ralo,8,0.424723
1076,500,ralo,16,0.388359
1077,500,ralo,32,0.361826
1078,500,ralo,64,0.345185
1079,500,ralo,128,0.222485
1080,500,ralo,1,0
1081,500,ralo,2,0.408233
1082,500,ralo,4,0.411204
1083,500,ralo,8,0.452397
1084,500,ralo,16,0.368258
1085,500,ralo,32,0.378084
1086,500,ralo,64,0.348859
1087,500,ralo,128,0.22416
1088,500,ralo,1,0
1089,500,ralo,2,0.414059
1090,500,ralo,4,0.406823
1091,500,ralo,8,0.404058
1092,500,ralo,16,0.392936
1093,500,ralo,32,0.37518
1094,500,ralo,64,0.370738
1095,500,ralo,128,0.224531
1096,500,ralo,1,0
1097,500,ralo,2,0.391652
1098,500,ralo,4,0.41578
1099,500,ralo,8,0.374712
1100,500,ralo,16,0.412044
1101,500,ralo,32,0.37392
1102,500,ralo,64,0.351274
1103,500,ralo,128,0.226089
1104,500,ralo,1,0
1105,500,ralo,2,0.389864
1106,500,ralo,4,0.408932
1107,500,ralo,8,0.399701
1108,500,ralo,16,0.367647
1109,500,ralo,32,0.357729
1110,500,ralo,64,0.350757
1111,500,ralo,128,0.232707
1112,500,ralo,1,0
1113,500,ralo,2,0.38194
1114,500,ralo,4,0.399374
1115,500,ralo,8,0.416782
1116,500,ralo,16,0.372881
1117,500,ralo,32,0.373449
1118,500,ralo,64,0.335119
1119,500,ralo,128,0.225846
1120,500,completo,1,0
1121,500,completo,2,0.186981
1122,500,completo,4,0.281249
1123,500,completo,8,0.355372
1124,500,completo,16,0.317014
1125,500,completo,32,0.361346
1126,500,completo,64,0.308306
1127,500,completo,128,0.225721
1128,500,completo,1,0
1129,500,completo,2,0.2131
1130,500,completo,4,0.297042
1131,500,completo,8,0.380314
1132,500,completo,16,0.35293
1133,500,completo,32,0.367212
1134,500,completo,64,0.337884
1135,500,completo,128,0.224555
1136,500,completo,1,0
1137,500,completo,2,0.188695
1138,500,completo,4,0.285456
1139,500,completo,8,0.374004
1140,500,completo,16,0.389605
1141,500,completo,32,0.345294
1142,500,completo,64,0.316144
1143,500,completo,128,0.217161
1144,500,completo,1,0
1145,500,completo,2,0.228223
1146,500,completo,4,0.293747
1147,500,completo,8,0.386606
1148,500,completo,16,0.332163
1149,500,completo,32,0.375725
1150,500,completo,64,0.30691
1151,500,completo,128,0.203136
1152,500,completo,1,0
1153,500,completo,2,0.175055
1154,500,completo,4,0.280142
1155,500,completo,8,0.388837
1156,500,completo,16,0.358837
1157,500,completo,32,0.319124
1158,500,completo,64,0.320718
1159,500,completo,128,0.207995
1160,500,completo,1,0
1161,500,completo,2,0.177709
1162,500,completo,4,0.275066
1163,500,completo,8,0.399721
1164,500,completo,16,0.383645
1165,500,completo,32,0.376853
1166,500,completo,64,0.334218
1167,500,completo,128,0.196695
1168,500,completo,1,0
1169,500,completo,2,0.188292
1170,500,completo,4,0.286038
1171,500,completo,8,0.401144
1172,500,completo,16,0.366599
1173,500,completo,32,0.336465
1174,500,completo,64,0.309474
1175,500,completo,128,0.217228
1176,500,completo,1,0
1177,500,completo,2,0.208653
1178,500,completo,4,0.293855
1179,500,completo,8,0.358344
1180,500,completo,16,0.395985
1181,500,completo,32,0.365435
1182,500,completo,64,0.349605
1183,500,completo,128,0.210917
1184,500,completo,1,0
1185,500,completo,2,0.195582
1186,500,completo,4,0.280289
1187,500,completo,8,0.359657
1188,500,completo,16,0.37462
1189,500,completo,32,0.376011
1190,500,completo,64,0.327352
1191,500,completo,128,0.224202
1192,500,completo,1,0
1193,500,completo,2,0.191407
1194,500,completo,4,0.286383
1195,500,completo,8,0.367789
1196,500,completo,16,0.339337
1197,500,completo,32,0.375846
1198,500,completo,64,0.343259
1199,500,completo,128,0.245292
1200,600,arbol,1,0
1201,600,arbol,2,0.446779
1202,600,arbol,4,0.429312
1203,600,arbol,8,0.358295
1204,600,arbol,16,0.364998
1205,600,arbol,32,0.101315
1206,600,arbol,64,0.054054
1207,600,arbol,128,0.0512753
1208,600,arbol,1,0
1209,600,arbol,2,0.42574
1210,600,arbol,4,0.444801
1211,600,arbol,8,0.405956
1212,600,arbol,16,0.244447
1213,600,arbol,32,0.0881685
1214,600,arbol,64,0.0572013
1215,600,arbol,128,0.022873
1216,600,arbol,1,0
1217,600,arbol,2,0.456795
1218,600,arbol,4,0.43071
1219,600,arbol,8,0.338136
1220,600,arbol,16,0.163146
1221,600,arbol,32,0.0799751
1222,600,arbol,64,0.138903
1223,600,arbol,128,0.0225262
1224,600,arbol,1,0
1225,600,arbol,2,0.402804
1226,600,arbol,4,0.440452
1227,600,arbol,8,0.361251
1228,600,arbol,16,0.196477
1229,600,arbol,32,0.0989422
1230,600,arbol,64,0.0576683
1231,600,arbol,128,0.0212144
1232,600,arbol,1,0
1233,600,arbol,2,0.415239
1234,600,arbol,4,0.432262
1235,600,arbol,8,0.429625
1236,600,arbol,16,0.209065
1237,600,arbol,32,0.0995451
1238,600,arbol,64,0.0493226
1239,600,arbol,128,0.0216246
1240,600,arbol,1,0
1241,600,arbol,2,0.390263
1242,600,arbol,4,0.434603
1243,600,arbol,8,0.370746
1244,600,arbol,16,0.173664
1245,600,arbol,32,0.11404
1246,600,arbol,64,0.0496563
1247,600,arbol,128,0.023878
1248,600,arbol,1,0
1249,600,arbol,2,0.450787
1250,600,arbol,4,0.424271
1251,600,arbol,8,0.406875
1252,600,arbol,16,0.17959
1253,600,arbol,32,0.0792139
1254,600,arbol,64,0.0370583
1255,600,arbol,128,0.022753
1256,600,arbol,1,0
1257,600,arbol,2,0.454543
1258,600,arbol,4,0.450154
1259,600,arbol,8,0.376057
1260,600,arbol,16,0.201336
1261,600,arbol,32,0.0727254
1262,600,arbol,64,0.0542534
1263,600,arbol,128,0.0278132
1264,600,arbol,1,0
1265,600,arbol,2,0.433351
1266,600,arbol,4,0.45697
1267,600,arbol,8,0.372557
1268,600,arbol,16,0.187532
1269,600,arbol,32,0.0870285
1270,600,arbol,64,0.0516736
1271,600,arbol,128,0.0224546
1272,600,arbol,1,0
1273,600,arbol,2,0.419828
1274,600,arbol,4,0.426428
1275,600,arbol,8,0.373109
1276,600,arbol,16,0.216503
1277,600,arbol,32,0.10439
1278,600,arbol,64,0.0539809
1279,600,arbol,128,0.0251579
1280,600,ralo,1,0
1281,600,ralo,2,0.388441
1282,600,ralo,4,0
1283,600,ralo,8,0.429427
1284,600,ralo,16,0.390234
1285,600,ralo,32,0.373742
1286,600,ralo,64,0.36762
1287,600,ralo,128,0.287831
1288,600,ralo,1,0
1289,600,ralo,2,0.359987
1290,600,ralo,4,0
1291,600,ralo,8,0.366504
1292,600,ralo,16,0.368598
1293,600,ralo,32,0.363624
1294,600,ralo,64,0.349864
1295,600,ralo,128,0.279047
1296,600,ralo,1,0
1297,600,ralo,2,0.400274
1298,600,ralo,4,0.404243
1299,600,ralo,8,0.391735
1300,600,ralo,16,0.40061
1301,600,ralo,32,0.368146
1302,600,ralo,64,0.33175
1303,600,ralo,128,0.281836
1304,600,ralo,1,0
1305,600,ralo,2,0.401921
1306,600,ralo,4,0.414605
1307,600,ralo,8,0.400882
1308,600,ralo,16,0.389652
1309,600,ralo,32,0.380561
1310,600,ralo,64,0.338726
1311,600,ralo,128,0.305616
1312,600,ralo,1,0
1313,600,ralo,2,0.411765
1314,600,ralo,4,0.402723
1315,600,ralo,8,0.395772
1316,600,ralo,16,0.394098
1317,600,ralo,32,0.384394
1318,600,ralo,64,0.349352
1319,600,ralo,128,0.277044
1320,600,ralo,1,0
1321,600,ralo,2,0.369608
1322,600,ralo,4,0.409111
1323,600,ralo,8,0.442039
1324,600,ralo,16,0.366472
1325,600,ralo,32,0.387129
1326,600,ralo,64,0.364695
1327,600,ralo,128,0.292876
1328,600,ralo,1,0
1329,600,ralo,2,0.380754
1330,600,ralo,4,0.413766
1331,600,ralo,8,0.398833
1332,600,ralo,16,0.413871
1333,600,ralo,32,0.385039
1334,600,ralo,64,0.363028
1335,600,ralo,128,0.275272
1336,600,ralo,1,0
1337,600,ralo,2,0.372072
1338,600,ralo,4,0.415319
1339,600,ralo,8,0.414505
1340,600,ralo,16,0.390615
1341,600,ralo,32,0.38931
1342,600,ralo,64,0.35614
1343,600,ralo,128,0.253063
1344,600,ralo,1,0
1345,600,ralo,2,0.394609
1346,600,ralo,4,0.414807
1347,600,ralo,8,0.407151
1348,600,ralo,16,0.395639
1349,600,ralo,32,0.380885
1350,600,ralo,64,0.370465
1351,600,ralo,128,0.260251
1352,600,ralo,1,0
1353,600,ralo,2,0.409716
1354,600,ralo,4,0.413566
1355,600,ralo,8,0.413396
1356,600,ralo,16,0.417022
1357,600,ralo,32,0.360422
1358,600,ralo,64,0.369986
1359,600,ralo,128,0.252522
1360,600,completo,1,0
1361,600,completo,2,0.195752
1362,600,completo,4,0.289251
1363,600,completo,8,0.383132
1364,600,completo,16,0.39394
1365,600,completo,32,0.364952
1366,600,completo,64,0.350485
1367,600,completo,128,0.261499
1368,600,completo,1,0
1369,600,completo,2,0.197098
1370,600,completo,4,0.308241
1371,600,completo,8,0.375213
1372,600,completo,16,0.390498
1373,600,completo,32,0.360081
1374,600,completo,64,0.352834
1375,600,completo,128,0.242567
1376,600,completo,1,0
1377,600,completo,2,0.197637
1378,600,completo,4,0.277077
1379,600,completo,8,0.372193
1380,600,completo,16,0.391144
1381,600,completo,32,0.361717
1382,600,completo,64,0.370472
1383,600,completo,128,0.236657
1384,600,completo,1,0
1385,600,completo,2,0.18159
1386,600,completo,4,0.284005
1387,600,completo,8,0.382465
1388,600,completo,16,0.384658
1389,600,completo,32,0.378979
1390,600,completo,64,0.351593
1391,600,completo,128,0.247067
1392,600,completo,1,0
1393,600,completo,2,0.196452
1394,600,completo,4,0.282564
1395,600,completo,8,0.36633
1396,600,completo,16,0.374329
1397,600,completo,32,0.373402
1398,600,completo,64,0.352506
1399,600,completo,128,0.259127
1400,600,completo,1,0
1401,600,completo,2,0.193624
1402,600,completo,4,0.273852
1403,600,completo,8,0.37708
1404,600,completo,16,0.393358
1405,600,completo,32,0.364976
1406,600,completo,64,0.361567
1407,600,completo,128,0.258147
1408,600,completo,1,0
1409,600,completo,2,0.183653
1410,600,completo,4,0.27806
1411,600,completo,8,0.360928
1412,600,completo,16,0.359314
1413,600,completo,32,0.363312
1414,600,completo,64,0.328651
1415,600,completo,128,0.2539
1416,600,completo,1,0
1417,600,completo,2,0.194389
1418,600,completo,4,0.295303
1419,600,completo,8,0.352228
1420,600,completo,16,0.373831
1421,600,completo,32,0.358047
1422,600,completo,64,0.32477
1423,600,completo,128,0.24975
1424,600,completo,1,0
1425,600,completo,2,0.195406
1426,600,completo,4,0.280458
1427,600,completo,8,0.31752
1428,600,completo,16,0.379308
1429,600,completo,32,0.356378
1430,600,completo,64,0.344787
1431,600,completo,128,0.253885
1432,600,completo,1,0
1433,600,completo,2,0.188154
1434,600,completo,4,0.281854
1435,600,completo,8,0.396847
1436,600,completo,16,0.402021
1437,600,completo,32,0.377961
1438,600,completo,64,0.356352
1439,600,completo,128,0.241527
1440,700,arbol,1,0
1441,700,arbol,2,0.429189
1442,700,arbol,4,0.426001
1443,700,arbol,8,0.40258
1444,700,arbol,16,0.24768
1445,700,arbol,32,0.122169
1446,700,arbol,64,0.142356
1447,700,arbol,128,0.0274829
1448,700,arbol,1,0
1449,700,arbol,2,0.459882
1450,700,arbol,4,0.440586
1451,700,arbol,8,0.420924
1452,700,arbol,16,0.194092
1453,700,arbol,32,0.113199
1454,700,arbol,64,0.0493609
1455,700,arbol,128,0.0284287
1456,700,arbol,1,0
1457,700,arbol,2,0.451229
1458,700,arbol,4,0.432702
1459,700,arbol,8,0.335689
1460,700,arbol,16,0.24121
1461,700,arbol,32,0.0977303
1462,700,arbol,64,0.0481402
1463,700,arbol,128,0.0228094
1464,700,arbol,1,0
1465,700,arbol,2,0.459048
1466,700,arbol,4,0.42814
1467,700,arbol,8,0.353643
1468,700,arbol,16,0.212906
1469,700,arbol,32,0.0926162
1470,700,arbol,64,0.172719
1471,700,arbol,128,0.153155
1472,700,arbol,1,0
1473,700,arbol,2,0.431761
1474,700,arbol,4,0.438985
1475,700,arbol,8,0.426611
1476,700,arbol,16,0.220261
1477,700,arbol,32,0.10235
1478,700,arbol,64,0.0876195
1479,700,arbol,128,0.0224892
1480,700,arbol,1,0
1481,700,arbol,2,0.42839
1482,700,arbol,4,0.45202
1483,700,arbol,8,0.412405
1484,700,arbol,16,0.216052
1485,700,arbol,32,0.15599
1486,700,arbol,64,0.197982
1487,700,arbol,128,0.157525
1488,700,arbol,1,0
1489,700,arbol,2,0.43159
1490,700,arbol,4,0.447796
1491,700,arbol,8,0.34965
1492,700,arbol,16,0.238882
1493,700,arbol,32,0.193895
1494,700,arbol,64,0.275213
1495,700,arbol,128,0.137026
1496,700,arbol,1,0
1497,700,arbol,2,0.44532
1498,700,arbol,4,0.4063
1499,700,arbol,8,0.343653
1500,700,arbol,16,0.355658
1501,700,arbol,32,0.256852
1502,700,arbol,64,0.0607783
1503,700,arbol,128,0.0466352
1504,700,arbol,1,0
1505,700,arbol,2,0.45086
1506,700,arbol,4,0.447153
1507,700,arbol,8,0.363422
1508,700,arbol,16,0.207028
1509,700,arbol,32,0.0807835
1510,700,arbol,64,0.256508
1511,700,arbol,128,0.15228
1512,700,arbol,1,0
1513,700,arbol,2,0.439803
1514,700,arbol,4,0.439299
1515,700,arbol,8,0.3655
1516,700,arbol,16,0.353019
1517,700,arbol,32,0.159392
1518,700,arbol,64,0
1519,700,arbol,128,0.0170264
1520,700,ralo,1,0
1521,700,ralo,2,0.383706
1522,700,ralo,4,0.412674
1523,700,ralo,8,0.413331
1524,700,ralo,16,0.396594
1525,700,ralo,32,0.367623
1526,700,ralo,64,0.355812
1527,700,ralo,128,0.277192
1528,700,ralo,1,0
1529,700,ralo,2,0.396098
1530,700,ralo,4,0
1531,700,ralo,8,0.403819
1532,700,ralo,16,0.363817
1533,700,ralo,32,0.360146
1534,700,ralo,64,0.352211
1535,700,ralo,128,0.259151
1536,700,ralo,1,0
1537,700,ralo,2,0.392857
1538,700,ralo,4,0.411867
1539,700,ralo,8,0.421451
1540,700,ralo,16,0.38335
1541,700,ralo,32,0.367683
1542,700,ralo,64,0.356838
1543,700,ralo,128,0.251952
1544,700,ralo,1,0
1545,700,ralo,2,0.374174
1546,700,ralo,4,0.413432
1547,700,ralo,8,0.399922
1548,700,ralo,16,0.390015
1549,700,ralo,32,0.3753
1550,700,ralo,64,0.356696
1551,700,ralo,128,0.279722
1552,700,ralo,1,0
1553,700,ralo,2,0.386175
1554,700,ralo,4,0.421369
1555,700,ralo,8,0.39387
1556,700,ralo,16,0.37919
1557,700,ralo,32,0.359768
1558,700,ralo,64,0.36865
1559,700,ralo,128,0.244227
1560,700,ralo,1,0
1561,700,ralo,2,0.389207
1562,700,ralo,4,0.406747
1563,700,ralo,8,0.399674
1564,700,ralo,16,0.370263
1565,700,ralo,32,0.383023
1566,700,ralo,64,0.352083
1567,700,ralo,128,0.287458
1568,700,ralo,1,0
1569,700,ralo,2,0.391606
1570,700,ralo,4,0.407231
1571,700,ralo,8,0.393369
1572,700,ralo,16,0.394047
1573,700,ralo,32,0.376143
1574,700,ralo,64,0.349568
1575,700,ralo,128,0.260231
1576,700,ralo,1,0
1577,700,ralo,2,0.391263
1578,700,ralo,4,0.418068
1579,700,ralo,8,0.425237
1580,700,ralo,16,0.379595
1581,700,ralo,32,0.375621
1582,700,ralo,64,0.352797
1583,700,ralo,128,0.26198
1584,700,ralo,1,0
1585,700,ralo,2,0.382141
1586,700,ralo,4,0.410355
1587,700,ralo,8,0.442217
1588,700,ralo,16,0.380958
1589,700,ralo,32,0.366269
1590,700,ralo,64,0.369378
1591,700,ralo,128,0.276196
1592,700,ralo,1,0
1593,700,ralo,2,0.379385
1594,700,ralo,4,0.3994
1595,700,ralo,8,0.369397
1596,700,ralo,16,0.369635
1597,700,ralo,32,0.369279
1598,700,ralo,64,0.35994
1599,700,ralo,128,0.308756
1600,700,completo,1,0
1601,700,completo,2,0.175489
1602,700,completo,4,0.289943
1603,700,completo,8,0.370989
1604,700,completo,16,0.36615
1605,700,completo,32,0.377546
1606,700,completo,64,0.349139
1607,700,completo,128,0.310111
1608,700,completo,1,0
1609,700,completo,2,0.193897
1610,700,completo,4,0.267238
1611,700,completo,8,0.366967
1612,700,completo,16,0.362379
1613,700,completo,32,0.365697
1614,700,completo,64,0.359871
1615,700,completo,128,0.329741
1616,700,completo,1,0
1617,700,completo,2,0.185508
1618,700,completo,4,0.292383
1619,700,completo,8,0.359226
1620,700,completo,16,0.372663
1621,700,completo,32,0.376073
1622,700,completo,64,0.363083
1623,700,completo,128,0.307732
1624,700,completo,1,0
1625,700,completo,2,0.201792
1626,700,completo,4,0.286158
1627,700,completo,8,0.373007
1628,700,completo,16,0.346258
1629,700,completo,32,0.363725
1630,700,completo,64,0.364015
1631,700,completo,128,0.301153
1632,700,completo,1,0
1633,700,completo,2,0.167654
1634,700,completo,4,0.288354
1635,700,completo,8,0.378936
1636,700,completo,16,0.372318
1637,700,completo,32,0.380424
1638,700,completo,64,0.358023
1639,700,completo,128,0.291909
1640,700,completo,1,0
1641,700,completo,2,0.193023
1642,700,completo,4,0.292778
1643,700,completo,8,0.369989
1644,700,completo,16,0.368148
1645,700,completo,32,0.366031
1646,700,completo,64,0.34892
1647,700,completo,128,0.264204
1648,700,completo,1,0
1649,700,completo,2,0.180122
1650,700,completo,4,0.287147
1651,700,completo,8,0.358809
1652,700,completo,16,0.374805
1653,700,completo,32,0.367128
1654,700,completo,64,0.362452
1655,700,completo,128,0.307535
1656,700,completo,1,0
1657,700,completo,2,0.17526
1658,700,completo,4,0.256826
1659,700,completo,8,0.394796
1660,700,completo,16,0.386121
1661,700,completo,32,0.386493
1662,700,completo,64,0.361151
1663,700,completo,128,0.25456
1664,700,completo,1,0
1665,700,completo,2,0.181653
1666,700,completo,4,0.279734
1667,700,completo,8,0.383943
1668,700,completo,16,0.38899
1669,700,completo,32,0.367605
1670,700,completo,64,0.360851
1671,700,completo,128,0.313796
1672,700,completo,1,0
1673,700,completo,2,0.170632
1674,700,completo,4,0.276085
1675,700,completo,8,0.367997
1676,700,completo,16,0.365225
1677,700,completo,32,0.372063
1678,700,completo,64,0.365878
1679,700,completo,128,0.295965
1680,800,arbol,1,0
1681,800,arbol,2,0.396289
1682,800,arbol,4,0.435548
1683,800,arbol,8,0.35785
1684,800,arbol,16,0.432343
1685,800,arbol,32,0.311461
1686,800,arbol,64,0.262129
1687,800,arbol,128,0.161383
1688,800,arbol,1,0
1689,800,arbol,2,0.42977
1690,800,arbol,4,0.42024
1691,800,arbol,8,0.427629
1692,800,arbol,16,0.176753
1693,800,arbol,32,0.110233
1694,800,arbol,64,0.0830329
1695,800,arbol,128,0.0164753
1696,800,arbol,1,0
1697,800,arbol,2,0.446406
1698,800,arbol,4,0.441847
1699,800,arbol,8,0.352913
1700,800,arbol,16,0.265469
1701,800,arbol,32,0.241047
1702,800,arbol,64,0
1703,800,arbol,128,0.188905
1704,800,arbol,1,0
1705,800,arbol,2,0.463715
1706,800,arbol,4,0.436671
1707,800,arbol,8,0.402156
1708,800,arbol,16,0.295626
1709,800,arbol,32,0.221067
1710,800,arbol,64,0.0667513
1711,800,arbol,128,0.0357464
1712,800,arbol,1,0
1713,800,arbol,2,0.450207
1714,800,arbol,4,0.440723
1715,800,arbol,8,0.410223
1716,800,arbol,16,0.390836
1717,800,arbol,32,0.0970023
1718,800,arbol,64,0.0533295
1719,800,arbol,128,0.0318897
1720,800,arbol,1,0
1721,800,arbol,2,0.453063
1722,800,arbol,4,0.441315
1723,800,arbol,8,0.364011
1724,800,arbol,16,0.197287
1725,800,arbol,32,0.164513
1726,800,arbol,64,0.0980054
1727,800,arbol,128,0.0288832
1728,800,arbol,1,0
1729,800,arbol,2,0.428762
1730,800,arbol,4,0.428946
1731,800,arbol,8,0.398327
1732,800,arbol,16,0.270856
1733,800,arbol,32,0.206854
1734,800,arbol,64,0.212938
1735,800,arbol,128,0.154027
1736,800,arbol,1,0
1737,800,arbol,2,0.440404
1738,800,arbol,4,0.443305
1739,800,arbol,8,0.42069
1740,800,arbol,16,0.251123
1741,800,arbol,32,0.147373
1742,800,arbol,64,0.127976
1743,800,arbol,128,0.0237222
1744,800,arbol,1,0
1745,800,arbol,2,0.428337
1746,800,arbol,4,0.448909
1747,800,arbol,8,0.361327
1748,800,arbol,16,0.245353
1749,800,arbol,32,0.104459
1750,800,arbol,64,0.0656813
1751,800,arbol,128,0.0288143
1752,800,arbol,1,0
1753,800,arbol,2,0.430325
1754,800,arbol,4,0.430742
1755,800,arbol,8,0.388195
1756,800,arbol,16,0.267081
1757,800,arbol,32,0.140688
1758,800,arbol,64,0.119929
1759,800,arbol,128,0.0487409
1760,800,ralo,1,0
1761,800,ralo,2,0.380036
1762,800,ralo,4,0.411319
1763,800,ralo,8,0.411412
1764,800,ralo,16,0.366691
1765,800,ralo,32,0.372134
1766,800,ralo,64,0.363043
1767,800,ralo,128,0.295327
1768,800,ralo,1,0
1769,800,ralo,2,0.383598
1770,800,ralo,4,0.414849
1771,800,ralo,8,0.416007
1772,800,ralo,16,0.394673
1773,800,ralo,32,0.37693
1774,800,ralo,64,0.370087
1775,800,ralo,128,0.311407
1776,800,ralo,1,0
1777,800,ralo,2,0.385869
1778,800,ralo,4,0.407871
1779,800,ralo,8,0.3956
1780,800,ralo,16,0.393179
1781,800,ralo,32,0.382458
1782,800,ralo,64,0.358099
1783,800,ralo,128,0.27526
1784,800,ralo,1,0
1785,800,ralo,2,0.389491
1786,800,ralo,4,0.404179
1787,800,ralo,8,0.39346
1788,800,ralo,16,0.399935
1789,800,ralo,32,0.377802
1790,800,ralo,64,0.369976
1791,800,ralo,128,0.312777
1792,800,ralo,1,0
1793,800,ralo,2,0.376911
1794,800,ralo,4,0.394994
1795,800,ralo,8,0.392897
1796,800,ralo,16,0.391378
1797,800,ralo,32,0.37235
1798,800,ralo,64,0.370096
1799,800,ralo,128,0.294955
1800,800,ralo,1,0
1801,800,ralo,2,0.400849
1802,800,ralo,4,0.408052
1803,800,ralo,8,0.424657
1804,800,ralo,16,0.421178
1805,800,ralo,32,0.385333
1806,800,ralo,64,0.362629
1807,800,ralo,128,0.292513
1808,800,ralo,1,0
1809,800,ralo,2,0.392179
1810,800,ralo,4,0.409212
1811,800,ralo,8,0.39963
1812,800,ralo,16,0.412467
1813,800,ralo,32,0.38237
1814,800,ralo,64,0.365466
1815,800,ralo,128,0.323486
1816,800,ralo,1,0
1817,800,ralo,2,0.383553
1818,800,ralo,4,0.395621
1819,800,ralo,8,0.370828
1820,800,ralo,16,0.377922
1821,800,ralo,32,0.37541
1822,800,ralo,64,0.350599
1823,800,ralo,128,0.306945
1824,800,ralo,1,0
1825,800,ralo,2,0.386419
1826,800,ralo,4,0.405697
1827,800,ralo,8,0.388767
1828,800,ralo,16,0.357893
1829,800,ralo,32,0.374056
1830,800,ralo,64,0.360934
1831,800,ralo,128,0.2975
1832,800,ralo,1,0
1833,800,ralo,2,0.385057
1834,800,ralo,4,0.404049
1835,800,ralo,8,0.394776
1836,800,ralo,16,0.368121
1837,800,ralo,32,0.386299
1838,800,ralo,64,0.363585
1839,800,ralo,128,0.288469
1840,800,completo,1,0
1841,800,completo,2,0.171762
1842,800,completo,4,0.291746
1843,800,completo,8,0.357257
1844,800,completo,16,0.349116
1845,800,completo,32,0.384867
1846,800,completo,64,0.352032
1847,800,completo,128,0.271566
1848,800,completo,1,0
1849,800,completo,2,0.178829
1850,800,completo,4,0.283689
1851,800,completo,8,0.317243
1852,800,completo,16,0.352263
1853,800,completo,32,0.376398
1854,800,completo,64,0.359434
1855,800,completo,128,0.254542
1856,800,completo,1,0
1857,800,completo,2,0.182234
1858,800,completo,4,0.299487
1859,800,completo,8,0.384488
1860,800,completo,16,0.358705
1861,800,completo,32,0.369111
1862,800,completo,64,0.36311
1863,800,completo,128,0.290163
1864,800,completo,1,0
1865,800,completo,2,0.187016
1866,800,completo,4,0.2748
1867,800,completo,8,0.365827
1868,800,completo,16,0.375569
1869,800,completo,32,0.368552
1870,800,completo,64,0.357551
1871,800,completo,128,0.295179
1872,800,completo,1,0
1873,800,completo,2,0.172902
1874,800,completo,4,0.282163
1875,800,completo,8,0.361635
1876,800,completo,16,0.368411
1877,800,completo,32,0.378906
1878,800,completo,64,0.36225
1879,800,completo,128,0.31202
1880,800,completo,1,0
1881,800,completo,2,0.180648
1882,800,completo,4,0.28361
1883,800,completo,8,0.377601
1884,800,completo,16,0.373131
1885,800,completo,32,0.39601
1886,800,completo,64,0.355878
1887,800,completo,128,0.285258
1888,800,completo,1,0
1889,800,completo,2,0.177914
1890,800,completo,4,0.283656
1891,800,completo,8,0.362058
1892,800,completo,16,0.397246
1893,800,completo,32,0.397974
1894,800,completo,64,0.355206
1895,800,completo,128,0.276002
1896,800,completo,1,0
1897,800,completo,2,0.177575
1898,800,completo,4,0.269821
1899,800,completo,8,0.379747
1900,800,completo,16,0.385438
1901,800,completo,32,0.365331
1902,800,completo,64,0.350853
1903,800,completo,128,0.291038
1904,800,completo,1,0
1905,800,completo,2,0.180492
1906,800,completo,4,0.298016
1907,800,completo,8,0.358095
1908,800,completo,16,0.372148
1909,800,completo,32,0.386826
1910,800,completo,64,0.369644
1911,800,completo,128,0.293739
1912,800,completo,1,0
1913,800,completo,2,0.185549
1914,800,completo,4,0.288241
1915,800,completo,8,0.341151
1916,800,completo,16,0.387377
1917,800,completo,32,0.372565
1918,800,completo,64,0.37183
1919,800,completo,128,0.290645
1920,900,arbol,1,0
1921,900,arbol,2,0.435099
1922,900,arbol,4,0.440909
1923,900,arbol,8,0.391631
1924,900,arbol,16,0.410452
1925,900,arbol,32,0.30671
1926,900,arbol,64,0.151042
1927,900,arbol,128,0.168306
1928,900,arbol,1,0
1929,900,arbol,2,0.455229
1930,900,arbol,4,0.412907
1931,900,arbol,8,0.393722
1932,900,arbol,16,0.328807
1933,900,arbol,32,0.27583
1934,900,arbol,64,0.329971
1935,900,arbol,128,0.149876
1936,900,arbol,1,0
1937,900,arbol,2,0.452721
1938,900,arbol,4,0.411372
1939,900,arbol,8,0.327755
1940,900,arbol,16,0.293366
1941,900,arbol,32,0.184437
1942,900,arbol,64,0.286477
1943,900,arbol,128,0
1944,900,arbol,1,0
1945,900,arbol,2,0.44424
1946,900,arbol,4,0.444832
1947,900,arbol,8,0.373791
1948,900,arbol,16,0.23869
1949,900,arbol,32,0.154
1950,900,arbol,64,0.0650636
1951,900,arbol,128,0.0449102
1952,900,arbol,1,0
1953,900,arbol,2,0.434332
1954,900,arbol,4,0.442971
1955,900,arbol,8,0.364755
1956,900,arbol,16,0.317473
1957,900,arbol,32,0.241181
1958,900,arbol,64,0.239682
1959,900,arbol,128,0.0433619
1960,900,arbol,1,0
1961,900,arbol,2,0.440633
1962,900,arbol,4,0.440856
1963,900,arbol,8,0.396009
1964,900,arbol,16,0.151063
1965,900,arbol,32,0.163294
1966,900,arbol,64,0.074809
1967,900,arbol,128,0.0320568
1968,900,arbol,1,0
1969,900,arbol,2,0.450762
1970,900,arbol,4,0.453154
1971,900,arbol,8,0.419626
1972,900,arbol,16,0.200976
1973,900,arbol,32,0.125359
1974,900,arbol,64,0.0626504
1975,900,arbol,128,0.0626292
1976,900,arbol,1,0
1977,900,arbol,2,0.450698
1978,900,arbol,4,0.446057
1979,900,arbol,8,0.410254
1980,900,arbol,16,0.318911
1981,900,arbol,32,0.0976176
1982,900,arbol,64,0.0492793
1983,900,arbol,128,0.056539
1984,900,arbol,1,0
1985,900,arbol,2,0.448962
1986,900,arbol,4,0.448897
1987,900,arbol,8,0.379245
1988,900,arbol,16,0.281709
1989,900,arbol,32,0.105035
1990,900,arbol,64,0.0946363
1991,900,arbol,128,0.053797
1992,900,arbol,1,0
1993,900,arbol,2,0.452177
1994,900,arbol,4,0.45949
1995,900,arbol,8,0.424368
1996,900,arbol,16,0.31675
1997,900,arbol,32,0.13145
1998,900,arbol,64,0.0983667
1999,900,arbol,128,0.0514593
2000,900,ralo,1,0
2001,900,ralo,2,0.390706
2002,900,ralo,4,0.405681
2003,900,ralo,8,0.420486
2004,900,ralo,16,0.419287
2005,900,ralo,32,0.373022
2006,900,ralo,64,0.37518
2007,900,ralo,128,0.336329
2008,900,ralo,1,0
2009,900,ralo,2,0.366139
2010,900,ralo,4,0.410537
2011,900,ralo,8,0.421004
2012,900,ralo,16,0.388986
2013,900,ralo,32,0.380511
2014,900,ralo,64,0.369998
2015,900,ralo,128,0.328388
2016,900,ralo,1,0
2017,900,ralo,2,0.390703
2018,900,ralo,4,0.404441
2019,900,ralo,8,0.405229
2020,900,ralo,16,0.38319
2021,900,ralo,32,0.398665
2022,900,ralo,64,0.365724
2023,900,ralo,128,0.343673
2024,900,ralo,1,0
2025,900,ralo,2,0.380018
2026,900,ralo,4,0.41746
2027,900,ralo,8,0.452508
2028,900,ralo,16,0.401782
2029,900,ralo,32,0.387943
2030,900,ralo,64,0.37565
2031,900,ralo,128,0.340713
2032,900,ralo,1,0
2033,900,ralo,2,0.387517
2034,900,ralo,4,0.400924
2035,900,ralo,8,0.38975
2036,900,ralo,16,0.392435
2037,900,ralo,32,0.385573
2038,900,ralo,64,0.367516
2039,900,ralo,128,0.342171
2040,900,ralo,1,0
2041,900,ralo,2,0.348801
2042,900,ralo,4,0.397727
2043,900,ralo,8,0.403851
2044,900,ralo,16,0.396238
2045,900,ralo,32,0.388626
2046,900,ralo,64,0.372915
2047,900,ralo,128,0.342287
2048,900,ralo,1,0
2049,900,ralo,2,0.380942
2050,900,ralo,4,0.390938
2051,900,ralo,8,0.39759
2052,900,ralo,16,0.391518
2053,900,ralo,32,0.378169
2054,900,ralo,64,0.368104
2055,900,ralo,128,0.342058
2056,900,ralo,1,0
2057,900,ralo,2,0.35177
2058,900,ralo,4,0.419272
2059,900,ralo,8,0.386508
2060,900,ralo,16,0.397631
2061,900,ralo,32,0.372323
2062,900,ralo,64,0.367143
2063,900,ralo,128,0.342305
2064,900,ralo,1,0
2065,900,ralo,2,0.39689
2066,900,ralo,4,0.407865
2067,900,ralo,8,0.4208
2068,900,ralo,16,0.397358
2069,900,ralo,32,0.375515
2070,900,ralo,64,0.373257
2071,900,ralo,128,0.328178
2072,900,ralo,1,0
2073,900,ralo,2,0.379937
2074,900,ralo,4,0.416945
2075,900,ralo,8,0.426498
2076,900,ralo,16,0.383773
2077,900,ralo,32,0.351097
2078,900,ralo,64,0.369722
2079,900,ralo,128,0.337978
2080,900,completo,1,0
2081,900,completo,2,0.172983
2082,900,completo,4,0.281519
2083,900,completo,8,0.354126
2084,900,completo,16,0.391494
2085,900,completo,32,0.377732
2086,900,completo,64,0.37108
2087,900,completo,128,0.309938
2088,900,completo,1,0
2089,900,completo,2,0.171391
2090,900,completo,4,0.290373
2091,900,completo,8,0.349908
2092,900,completo,16,0.373412
2093,900,completo,32,0.384876
2094,900,completo,64,0.36368
2095,900,completo,128,0.340644
2096,900,completo,1,0
2097,900,completo,2,0.168202
2098,900,completo,4,0.276578
2099,900,completo,8,0.376158
2100,900,completo,16,0.358686
2101,900,completo,32,0.379233
2102,900,completo,64,0.371154
2103,900,completo,128,0.306282
2104,900,completo,1,0
2105,900,completo,2,0.174364
2106,900,completo,4,0.278147
2107,900,completo,8,0.339051
2108,900,completo,16,0.384948
2109,900,completo,32,0.378266
2110,900,completo,64,0.365993
2111,900,completo,128,0.291113
2112,900,completo,1,0
2113,900,completo,2,0.178492
2114,900,completo,4,0.299088
2115,900,completo,8,0.359177
2116,900,completo,16,0.368808
2117,900,completo,32,0.36629
2118,900,completo,64,0.366511
2119,900,completo,128,0.307354
2120,900,completo,1,0
2121,900,completo,2,0.168301
2122,900,completo,4,0.278545
2123,900,completo,8,0.385881
2124,900,completo,16,0.369087
2125,900,completo,32,0.391085
2126,900,completo,64,0.367233
2127,900,completo,128,0.308042
2128,900,completo,1,0
2129,900,completo,2,0.171681
2130,900,completo,4,0.265974
2131,900,completo,8,0.326504
2132,900,completo,16,0.351187
2133,900,completo,32,0.373414
2134,900,completo,64,0.351879
2135,900,completo,128,0.327764
2136,900,completo,1,0
2137,900,completo,2,0.171894
2138,900,completo,4,0.30504
2139,900,completo,8,0.359856
2140,900,completo,16,0.340234
2141,900,completo,32,0.374525
2142,900,completo,64,0.360416
2143,900,completo,128,0.338708
2144,900,completo,1,0
2145,900,completo,2,0.170486
2146,900,completo,4,0.282358
2147,900,completo,8,0.378954
2148,900,completo,16,0.396035
2149,900,completo,32,0.374069
2150,900,completo,64,0.372466
2151,900,completo,128,0.306736
2152,900,completo,1,0
2153,900,completo,2,0.171628
2154,900,completo,4,0.279795
2155,900,completo,8,0.359917
2156,900,completo,16,0.337728
2157,900,completo,32,0.374888
2158,900,completo,64,0.375942
2159,900,completo,128,0.313945
2160,1000,arbol,1,0
2161,1000,arbol,2,0.450147
2162,1000,arbol,4,0.42449
2163,1000,arbol,8,0.406481
2164,1000,arbol,16,0.35424
2165,1000,arbol,32,0.345293
2166,1000,arbol,64,0.292784
2167,1000,arbol,128,0.0237292
2168,1000,arbol,1,0
2169,1000,arbol,2,0.300497
2170,1000,arbol,4,0.436887
2171,1000,arbol,8,0.373852
2172,1000,arbol,16,0.208873
2173,1000,arbol,32,0.104289
2174,1000,arbol,64,0
2175,1000,arbol,128,0.0225685
2176,1000,arbol,1,0
2177,1000,arbol,2,0.472051
2178,1000,arbol,4,0.443921
2179,1000,arbol,8,0.391656
2180,1000,arbol,16,0.22192
2181,1000,arbol,32,0.106482
2182,1000,arbol,64,0.0474905
2183,1000,arbol,128,0.0206439
2184,1000,arbol,1,0
2185,1000,arbol,2,0.458356
2186,1000,arbol,4,0.446314
2187,1000,arbol,8,0.373621
2188,1000,arbol,16,0.248551
2189,1000,arbol,32,0.117613
2190,1000,arbol,64,0.0520951
2191,1000,arbol,128,0.0244022
2192,1000,arbol,1,0
2193,1000,arbol,2,0.464638
2194,1000,arbol,4,0.444008
2195,1000,arbol,8,0.429671
2196,1000,arbol,16,0.22181
2197,1000,arbol,32,0.097433
2198,1000,arbol,64,0.0509569
2199,1000,arbol,128,0.0277316
2200,1000,arbol,1,0
2201,1000,arbol,2,0.437351
2202,1000,arbol,4,0.44422
2203,1000,arbol,8,0.303344
2204,1000,arbol,16,0.157583
2205,1000,arbol,32,0.105437
2206,1000,arbol,64,0
2207,1000,arbol,128,0.02146
2208,1000,arbol,1,0
2209,1000,arbol,2,0.456099
2210,1000,arbol,4,0.456055
2211,1000,arbol,8,0.371882
2212,1000,arbol,16,0.234031
2213,1000,arbol,32,0.0954492
2214,1000,arbol,64,0.0512934
2215,1000,arbol,128,0.0273164
2216,1000,arbol,1,0
2217,1000,arbol,2,0.475244
2218,1000,arbol,4,0.418666
2219,1000,arbol,8,0.379344
2220,1000,arbol,16,0.219232
2221,1000,arbol,32,0.137269
2222,1000,arbol,64,0.0855514
2223,1000,arbol,128,0.0233848
2224,1000,arbol,1,0
2225,1000,arbol,2,0.467878
2226,1000,arbol,4,0.4235
2227,1000,arbol,8,0.395114
2228,1000,arbol,16,0.396185
2229,1000,arbol,32,0.217592
2230,1000,arbol,64,0.055707
2231,1000,arbol,128,0.0194141
2232,1000,arbol,1,0
2233,1000,arbol,2,0.464531
2234,1000,arbol,4,0.459573
2235,1000,arbol,8,0.377949
2236,1000,arbol,16,0.2849
2237,1000,arbol,32,0.106703
2238,1000,arbol,64,0.0926218
2239,1000,arbol,128,0.0842261
2240,1000,ralo,1,0
2241,1000,ralo,2,0.392692
2242,1000,ralo,4,0.400485
2243,1000,ralo,8,0.406619
2244,1000,ralo,16,0.37565
2245,1000,ralo,32,0.366292
2246,1000,ralo,64,0.375977
2247,1000,ralo,128,0.346566
2248,1000,ralo,1,0
2249,1000,ralo,2,0.367218
2250,1000,ralo,4,0.408649
2251,1000,ralo,8,0.42725
2252,1000,ralo,16,0.411619
2253,1000,ralo,32,0.374941
2254,1000,ralo,64,0.353952
2255,1000,ralo,128,0.334183
2256,1000,ralo,1,0
2257,1000,ralo,2,0.398864
2258,1000,ralo,4,0.405951
2259,1000,ralo,8,0.407807
2260,1000,ralo,16,0.392087
2261,1000,ralo,32,0.400996
2262,1000,ralo,64,0.370077
2263,1000,ralo,128,0.330808
2264,1000,ralo,1,0
2265,1000,ralo,2,0.403753
2266,1000,ralo,4,0.400006
2267,1000,ralo,8,0.410018
2268,1000,ralo,16,0.395025
2269,1000,ralo,32,0.398998
2270,1000,ralo,64,0.362527
2271,1000,ralo,128,0.333372
2272,1000,ralo,1,0
2273,1000,ralo,2,0.394672
2274,1000,ralo,4,0.410827
2275,1000,ralo,8,0.399849
2276,1000,ralo,16,0.361663
2277,1000,ralo,32,0.385613
2278,1000,ralo,64,0.372489
2279,1000,ralo,128,0.336564
2280,1000,ralo,1,0
2281,1000,ralo,2,0.389184
2282,1000,ralo,4,0.402419
2283,1000,ralo,8,0.417896
2284,1000,ralo,16,0.422467
2285,1000,ralo,32,0.383897
2286,1000,ralo,64,0.369126
2287,1000,ralo,128,0.337776
2288,1000,ralo,1,0
2289,1000,ralo,2,0.356069
2290,1000,ralo,4,0.410788
2291,1000,ralo,8,0.432674
2292,1000,ralo,16,0.402875
2293,1000,ralo,32,0.383565
2294,1000,ralo,64,0.370829
2295,1000,ralo,128,0.326696
2296,1000,ralo,1,0
2297,1000,ralo,2,0.39028
2298,1000,ralo,4,0.397808
2299,1000,ralo,8,0.381701
2300,1000,ralo,16,0.384774
2301,1000,ralo,32,0.382358
2302,1000,ralo,64,0.376976
2303,1000,ralo,128,0.328123
2304,1000,ralo,1,0
2305,1000,ralo,2,0.381232
2306,1000,ralo,4,0.409143
2307,1000,ralo,8,0.419266
2308,1000,ralo,16,0.396763
2309,1000,ralo,32,0.360695
2310,1000,ralo,64,0.376446
2311,1000,ralo,128,0.313194
2312,1000,ralo,1,0
2313,1000,ralo,2,0.386839
2314,1000,ralo,4,0.406478
2315,1000,ralo,8,0.40522
2316,1000,ralo,16,0.395973
2317,1000,ralo,32,0.385021
2318,1000,ralo,64,0.373781
2319,1000,ralo,128,0.323748
2320,1000,completo,1,0
2321,1000,completo,2,0.167926
2322,1000,completo,4,0.281499
2323,1000,completo,8,0.354341
2324,1000,completo,16,0.352936
2325,1000,completo,32,0.373563
2326,1000,completo,64,0.372186
2327,1000,completo,128,0.29521
2328,1000,completo,1,0
2329,1000,completo,2,0.168053
2330,1000,completo,4,0.281383
2331,1000,completo,8,0.366381
2332,1000,completo,16,0.377557
2333,1000,completo,32,0.386806
2334,1000,completo,64,0.374006
2335,1000,completo,128,0.304182
2336,1000,completo,1,0
2337,1000,completo,2,0.14859
2338,1000,completo,4,0.2902
2339,1000,completo,8,0.336968
2340,1000,completo,16,0.374007
2341,1000,completo,32,0.380903
2342,1000,completo,64,0.36595
2343,1000,completo,128,0.316677
2344,1000,completo,1,0
2345,1000,completo,2,0.176326
2346,1000,completo,4,0.271609
2347,1000,completo,8,0.344554
2348,1000,completo,16,0.379426
2349,1000,completo,32,0.365348
2350,1000,completo,64,0.37444
2351,1000,completo,128,0.330642
2352,1000,completo,1,0
2353,1000,completo,2,0.158274
2354,1000,completo,4,0.27867
2355,1000,completo,8,0.339908
2356,1000,completo,16,0.368511
2357,1000,completo,32,0.38066
2358,1000,completo,64,0.374076
2359,1000,completo,128,0.328441
2360,1000,completo,1,0
2361,1000,completo,2,0.179742
2362,1000,completo,4,0.279596
2363,1000,completo,8,0.331854
2364,1000,completo,16,0.377676
2365,1000,completo,32,0.380602
2366,1000,completo,64,0.374905
2367,1000,completo,128,0.313432
2368,1000,completo,1,0
2369,1000,completo,2,0.164969
2370,1000,completo,4,0.252658
2371,1000,completo,8,0.340824
2372,1000,completo,16,0.363338
2373,1000,completo,32,0.376949
2374,1000,completo,64,0.373575
2375,1000,completo,128,0.308232
2376,1000,completo,1,0
2377,1000,completo,2,0.15794
2378,1000,completo,4,0.266377
2379,1000,completo,8,0.356014
2380,1000,completo,16,0.367092
2381,1000,completo,32,0.376831
2382,1000,completo,64,0.36841
2383,1000,completo,128,0.327763
2384,1000,completo,1,0
2385,1000,completo,2,0.172796
2386,1000,completo,4,0.280309
2387,1000,completo,8,0.339606
2388,1000,completo,16,0.367561
2389,1000,completo,32,0.376775
2390,1000,completo,64,0.372712
2391,1000,completo,128,0.32839
2392,1000,completo,1,0
2393,1000,completo,2,0.16647
2394,1000,completo,4,0.267704
2395,1000,completo,8,0.375411
2396,1000,completo,16,0.353449
2397,1000,completo,32,0.381216
2398,1000,completo,64,0.370876
2399,1000,completo,128,0.318932
